metrics,Aggregate,bias_label_1,bias_label_0
Acc,0.843687374749499,0.8508064516129032,0.8366533864541833
Sens,0.8588709677419355,0.8555555555555555,0.8676470588235294
Spec,0.8286852589641435,0.8382352941176471,0.825136612021858
FPR,0.17131474103585653,0.16176470588235292,0.17486338797814205
AUROC,0.9326082765711348,0.9326797385620915,0.9394889103182258
