,Accuracy,Sensitivity,Specificity,FPR,AUROC
Agg,0.843687374749499,0.8467741935483871,0.8406374501992032,0.1593625498007968,0.9324636936126462
