metrics,Aggregate,bias_label_1,bias_label_0
Acc,0.7274549098196392,0.7258064516129032,0.7290836653386454
Sens,0.7258064516129032,1.0,0.0
Spec,0.7290836653386454,0.0,1.0
FPR,0.27091633466135456,1.0,0.0
AUROC,0.8197371803110141,0.7026143790849674,0.7623754419800707
