,Accuracy,Sensitivity,Specificity,FPR,AUROC
B1,0.8467741935483871,0.8444444444444444,0.8529411764705882,0.14705882352941177,0.9316993464052288
