,Accuracy,Sensitivity,Specificity,FPR,AUROC
B0,0.8406374501992032,0.8529411764705882,0.8360655737704918,0.16393442622950818,0.9384442301510768
