metrics,Aggregate,bias_label_1,bias_label_0
Acc,0.843687374749499,0.8467741935483871,0.8406374501992032
Sens,0.8467741935483871,0.8444444444444444,0.8529411764705882
Spec,0.8406374501992032,0.8529411764705882,0.8360655737704918
FPR,0.15936254980079678,0.1470588235294118,0.16393442622950816
AUROC,0.9324636936126462,0.9316993464052288,0.9384442301510768
