metrics,Aggregate,disease_1,disease_0
Acc,0.6412825651302605,0.6532258064516129,0.6294820717131474
Sens,0.6491935483870968,0.85,0.11764705882352941
Spec,0.6334661354581673,0.1323529411764706,0.819672131147541
FPR,0.3665338645418327,0.8676470588235294,0.180327868852459
AUROC,0.6841504947950136,0.49640522875816995,0.4788653166184507
