metrics,Aggregate,bias_label_1,bias_label_0
Acc,0.8697394789579158,0.875,0.8645418326693227
Sens,0.8669354838709677,0.9333333333333333,0.6911764705882353
Spec,0.8725099601593626,0.7205882352941176,0.9289617486338798
FPR,0.12749003984063745,0.27941176470588236,0.07103825136612019
AUROC,0.9508257293407016,0.9316993464052288,0.936595949855352
