metrics,Aggregate,bias_label_1,bias_label_0
Acc,0.8817635270541082,0.8830645161290323,0.8804780876494024
Sens,0.8911290322580645,0.9444444444444444,0.75
Spec,0.8725099601593626,0.7205882352941176,0.9289617486338798
FPR,0.12749003984063745,0.27941176470588236,0.07103825136612019
AUROC,0.9509863770723557,0.9316176470588236,0.936194149791064
